{
  "project_info": {
    "project_number": "2665002419",
    "firebase_url": "https://final-app-layout.firebaseio.com",
    "project_id": "final-app-layout",
    "storage_bucket": "final-app-layout.appspot.com"
  },
  "client": [
    {
      "client_info": {
        "mobilesdk_app_id": "1:2665002419:android:f1048a860bdd847bda47c6",
        "android_client_info": {
          "package_name": "edu.student.finalapplayout"
        }
      },
      "oauth_client": [
        {
          "client_id": "2665002419-p6obkpirm2mpejj4ldahmsnjdg1pi71d.apps.googleusercontent.com",
          "client_type": 1,
          "android_info": {
            "package_name": "edu.student.finalapplayout",
            "certificate_hash": "60973cdfaed1deb37e94a2ad5eec8443ffc1ad8a"
          }
        },
        {
          "client_id": "2665002419-mchejt5i6qk44hhh6lvls6fckabu0t2t.apps.googleusercontent.com",
          "client_type": 3
        }
      ],
      "api_key": [
        {
          "current_key": "AIzaSyDx9QSSpsJYoiCLM-psUbXp6ZKcgBGaJjg"
        }
      ],
      "services": {
        "appinvite_service": {
          "other_platform_oauth_client": [
            {
              "client_id": "2665002419-mchejt5i6qk44hhh6lvls6fckabu0t2t.apps.googleusercontent.com",
              "client_type": 3
            }
          ]
        }
      }
    }
  ],
  "configuration_version": "1"
}